{
  "success":true,
  "terms":"https:\/\/currencylayer.com\/terms",
  "privacy":"https:\/\/currencylayer.com\/privacy",
  "timestamp":1607849824,
  "source":"USD",
  "quotes":{
    "USDAED":3.673042,
    "USDAFN":77.000368,
    "USDALL":101.950403,
    "USDAMD":520.620403,
    "USDANG":1.795401,
    "USDAOA":659.494041,
    "USDARS":82.154463,
    "USDAUD":1.327316,
    "USDAWG":1.8,
    "USDAZN":1.70397,
    "USDBAM":1.613881,
    "USDBBD":2.019506,
    "USDBDT":84.736321,
    "USDBGN":1.611749,
    "USDBHD":0.377077,
    "USDBIF":1945,
    "USDBMD":1,
    "USDBND":1.337404,
    "USDBOB":6.866542,
    "USDBRL":5.066204,
    "USDBSD":1.000223,
    "USDBTC":5.1980892e-5,
    "USDBTN":73.813174,
    "USDBWP":10.991485,
    "USDBYN":2.537998,
    "USDBYR":19600,
    "USDBZD":2.01619,
    "USDCAD":1.277785,
    "USDCDF":1970.000362,
    "USDCHF":0.889614,
    "USDCLF":0.026612,
    "USDCLP":734.303912,
    "USDCNY":6.546704,
    "USDCOP":3438.1,
    "USDCRC":604.700097,
    "USDCUC":1,
    "USDCUP":26.5,
    "USDCVE":91.380394,
    "USDCZK":21.758404,
    "USDDJF":177.720394,
    "USDDKK":6.143304,
    "USDDOP":58.203886,
    "USDDZD":131.515242,
    "USDEGP":15.71221,
    "USDERN":15.000358,
    "USDETB":38.32504,
    "USDEUR":0.825655,
    "USDFJD":2.06504,
    "USDFKP":0.756055,
    "USDGBP":0.756115,
    "USDGEL":3.29504,
    "USDGGP":0.756055,
    "USDGHS":5.86039,
    "USDGIP":0.756055,
    "USDGMD":51.78039,
    "USDGNF":9925.000355,
    "USDGTQ":7.806979,
    "USDGYD":209.12924,
    "USDHKD":7.751304,
    "USDHNL":24.350389,
    "USDHRK":6.224504,
    "USDHTG":69.402523,
    "USDHUF":292.462504,
    "USDIDR":14156.45,
    "USDILS":3.25466,
    "USDIMP":0.756055,
    "USDINR":73.738304,
    "USDIQD":1191,
    "USDIRR":42105.000352,
    "USDISK":127.803816,
    "USDJEP":0.756055,
    "USDJMD":143.377451,
    "USDJOD":0.708304,
    "USDJPY":104.01204,
    "USDKES":111.51293,
    "USDKGS":84.799904,
    "USDKHR":4050.000351,
    "USDKMF":406.550384,
    "USDKPW":900,
    "USDKRW":1091.795039,
    "USDKWD":0.305304,
    "USDKYD":0.833546,
    "USDKZT":419.34153,
    "USDLAK":9295.000349,
    "USDLBP":1519.000349,
    "USDLKR":186.695437,
    "USDLRD":161.103775,
    "USDLSL":15.140382,
    "USDLTL":2.95274,
    "USDLVL":0.60489,
    "USDLYD":1.350381,
    "USDMAD":8.989504,
    "USDMDL":17.229227,
    "USDMGA":3735.000347,
    "USDMKD":50.826136,
    "USDMMK":1348.828286,
    "USDMNT":2856.014731,
    "USDMOP":7.985642,
    "USDMRO":357.000346,
    "USDMUR":39.606658,
    "USDMVR":15.403741,
    "USDMWK":765.000345,
    "USDMXN":20.13405,
    "USDMYR":4.051504,
    "USDMZN":74.515039,
    "USDNAD":15.140377,
    "USDNGN":380.000344,
    "USDNIO":34.803725,
    "USDNOK":8.818604,
    "USDNPR":118.103804,
    "USDNZD":1.410037,
    "USDOMR":0.38499,
    "USDPAB":1.000256,
    "USDPEN":3.592504,
    "USDPGK":3.510375,
    "USDPHP":48.140626,
    "USDPKR":160.150375,
    "USDPLN":3.671585,
    "USDPYG":7034.45772,
    "USDQAR":3.641504,
    "USDRON":4.020604,
    "USDRSD":97.105038,
    "USDRUB":73.150373,
    "USDRWF":986.5,
    "USDSAR":3.750804,
    "USDSBD":8.05093,
    "USDSCR":21.207768,
    "USDSDG":55.303678,
    "USDSEK":8.460104,
    "USDSGD":1.33685,
    "USDSHP":0.756055,
    "USDSLL":10105.000339,
    "USDSOS":585.000338,
    "USDSRD":14.154038,
    "USDSTD":20900.544238,
    "USDSVC":8.752445,
    "USDSYP":512.818094,
    "USDSZL":15.14037,
    "USDTHB":30.07037,
    "USDTJS":11.330225,
    "USDTMT":3.51,
    "USDTND":2.712038,
    "USDTOP":2.28185,
    "USDTRY":7.861204,
    "USDTTD":6.78389,
    "USDTWD":28.183038,
    "USDTZS":2319.583038,
    "USDUAH":27.965179,
    "USDUGX":3675.880848,
    "USDUSD":1,
    "USDUYU":42.594396,
    "USDUZS":10440.000335,
    "USDVEF":9.987504,
    "USDVND":23129,
    "USDVUV":108.946142,
    "USDWST":2.554293,
    "USDXAF":541.263306,
    "USDXAG":0.041775,
    "USDXAU":0.000544,
    "USDXCD":2.70255,
    "USDXDR":0.697747,
    "USDXOF":541.000332,
    "USDXPF":98.875037,
    "USDYER":249.850364,
    "USDZAR":15.214104,
    "USDZMK":9001.203593,
    "USDZMW":21.079774,
    "USDZWL":322.000331
  }
}
